Name1,Name2,Name3
Aaron Blackford,Aaron Blachford,
Abram Chance,Abe (Abram) Chance,
Beckham Cantaloupe,Beckham Cantalope,
Braydan Mangel,Brayden Bordewyk,
Chevy Konst,Chevy Knost,
Cole Schellpfeffer,Cole Schellpeffer,
Cooper Schaelfer,Cooper Schaefer,
David McKinley,David Mckinley,
Jeffery Boschee,Jeffery Boxchee,
Josheph Laprath,Joseph Laprath,
Nathan Melius,Nathan Meilus,
Tate DeVries,Tate Devries,
Tay Larson,Trey Larson,
Tukker Boe,Rukker Boe,
Tyler Tjerdsma,Tyler Tjeerdsma,
Wamni Omni Little Thunder,Wamni Omni Little Thunde,Wamani Omni Little Thunder
William Fire Cloud,William Fier Cloud,
Jordan Ertman,Jordan Erfman,